kljuc_igre,zanr
8,Action
4545,Action
35,Action
4567,Action
182,Action
875,Action
86,Action
528,Action
69,Action
41,Action
83,Action
620,Action
509,Action
529,Action
5655,Action
616,Action
4978,Action
300,Action
85,Action
29,Action
294,Action
93,Action
5779,Action
819,Action
497,Action
844,Action
494,Action
378,Action
5829,Action
1141,Action
536,Action
758,Action
887,Action
746,Action
2482,Action
736,Action
2286,Action
5715,Action
818,Action
2346,Action
235,Action
2465,Action
1987,Action
838,Action
291,Action
835,Action
2409,Action
770,Action
3470,Action
903,Action
784,Action
2189,Action
292,Action
843,Action
3204,Action
3706,Action
830,Action
913,Action
3479,Action
6333,Action
3709,Action
5796,Action
849,Action
895,Action
3580,Action
3327,Action
472,Action
812,Action
6357,Action
4192,Action
6091,Action
792,Action
2330,Action
3477,Action
3602,Action
3731,Action
822,Action
6315,Action
2453,Action
623,Action
3603,Action
3669,Action
3981,Action
756,Action
869,Action
3645,Action
4542,Action
1707,Action
4568,Action
2470,Action
4586,Action
2143,Action
2157,Action
3729,Action
772,Action
856,Action
6993,Action
3668,Action
2437,Action
5093,Action
5030,Action
2160,Action
2342,Action
805,Action
7161,Action
5135,Action
3707,Action
2489,Action
3426,Action
3754,Action
5380,Action
2483,Action
2408,Action
906,Action
3726,Action
3710,Action
3473,Action
5184,Action
816,Action
2609,Action
4180,Action
914,Action
7386,Action
5747,Action
3427,Action
928,Action
7502,Action
5974,Action
3609,Action
4179,Action
6308,Action
2415,Action
5650,Action
3985,Action
3950,Action
3959,Action
891,Action
3754,Action
3686,Action
4545,Action
3975,Action
6907,Action
4182,Action
6295,Action
3705,Action
4567,Action
3977,Action
984,Action
3993,Action
7035,Action
3610,Action
1491,Action
7869,Action
7042,Action
4000,Action
4179,Action
3704,Action
4515,Action
4739,Action
2117,Action
7995,Action
4978,Action
4036,Action
4543,Action
6903,Action
4178,Action
7477,Action
5091,Action
3755,Action
2192,Action
7063,Action
2603,Action
4603,Action
4848,Action
7071,Action
3961,Action
7760,Action
4553,Action
4552,Action
7187,Action
8146,Action
5715,Action
4736,Action
5276,Action
8188,Action
4987,Action
4979,Action
5026,Action
7723,Action
8444,Action
8110,Action
5379,Action
5037,Action
7750,Action
3741,Action
5036,Action
8152,Action
5751,Action
7859,Action
4181,Action
8732,Action
8361,Action
5796,Action
5395,Action
8620,Action
7866,Action
6091,Action
4564,Action
5661,Action
6142,Action
3646,Action
8807,Action
6315,Action
5662,Action
5155,Action
6301,Action
8125,Action
5025,Action
3687,Action
5773,Action
4528,Action
5271,Action
5108,Action
10211,Action
9692,Action
6676,Action
5304,Action
9884,Action
10395,Action
10199,Action
5839,Action
10593,Action
6790,Action
5768,Action
6996,Action
8984,Action
5611,Action
3986,Action
5930,Action
9410,Action
5027,Action
9446,Action
5625,Action
4037,Action
10433,Action
5941,Action
5028,Action
5780,Action
5783,Action
5100,Action
7153,Action
9856,Action
4190,Action
10443,Action
7007,Action
6183,Action
9863,Action
5933,Action
11412,Action
5107,Action
7164,Action
10204,Action
7259,Action
7058,Action
5150,Action
11565,Action
7669,Action
7152,Action
10439,Action
5800,Action
10711,Action
7178,Action
6999,Action
6354,Action
7381,Action
7702,Action
7661,Action
7500,Action
6739,Action
7655,Action
11185,Action
12147,Action
7745,Action
7268,Action
5907,Action
6755,Action
12205,Action
11156,Action
5843,Action
11186,Action
12206,Action
11274,Action
5913,Action
7720,Action
6872,Action
11310,Action
7853,Action
11558,Action
5931,Action
7796,Action
11513,Action
7870,Action
11903,Action
6314,Action
7863,Action
8582,Action
7857,Action
8076,Action
11918,Action
6744,Action
11522,Action
12556,Action
8027,Action
7103,Action
11961,Action
6871,Action
5299,Action
8154,Action
6601,Action
8815,Action
13001,Action
8836,Action
8049,Action
8090,Action
12145,Action
6931,Action
5742,Action
6666,Action
7145,Action
13309,Action
5760,Action
13319,Action
12253,Action
6776,Action
9004,Action
8131,Action
8209,Action
13895,Action
6791,Action
9098,Action
13993,Action
8248,Action
8731,Action
7871,Action
6792,Action
9156,Action
7446,Action
9061,Action
12760,Action
7432,Action
6304,Action
8837,Action
6932,Action
9273,Action
7508,Action
6695,Action
11962,Action
8705,Action
9006,Action
7980,Action
13523,Action
7176,Action
7680,Action
24231,Action
8733,Action
7732,Action
6845,Action
24481,Action
9373,Action
13691,Action
7730,Action
24931,Action
9401,Action
8651,Action
14065,Action
8081,Action
26245,Action
8171,Action
14133,Action
9404,Action
8726,Action
8115,Action
6881,Action
12107,Action
9105,Action
9574,Action
7858,Action
9051,Action
14684,Action
9400,Action
8814,Action
8970,Action
8181,Action
12166,Action
9509,Action
7851,Action
29320,Action
9861,Action
9228,Action
16013,Action
6980,Action
12197,Action
14136,Action
9066,Action
8032,Action
9369,Action
16482,Action
12200,Action
9858,Action
9072,Action
8080,Action
8059,Action
9552,Action
7198,Action
10202,Action
9088,Action
16582,Action
32046,Action
9593,Action
16788,Action
9344,Action
12347,Action
32814,Action
10260,Action
16872,Action
10610,Action
33872,Action
9662,Action
9696,Action
9428,Action
7274,Action
12673,Action
34165,Action
10316,Action
9695,Action
34285,Action
14689,Action
11021,Action
34319,Action
10597,Action
10215,Action
9570,Action
14697,Action
9507,Action
17769,Action
8520,Action
11054,Action
8802,Action
10649,Action
9998,Action
18605,Action
7322,Action
13326,Action
34559,Action
14856,Action
9657,Action
11111,Action
8842,Action
34602,Action
10697,Action
10128,Action
18810,Action
9995,Action
13367,Action
8704,Action
40751,Action
10363,Action
19170,Action
13533,Action
11187,Action
9993,Action
8914,Action
11263,Action
10421,Action
11952,Action
10437,Action
13586,Action
15383,Action
10193,Action
19371,Action
9063,Action
11313,Action
11967,Action
19372,Action
10641,Action
7697,Action
45290,Action
10187,Action
11308,Action
11454,Action
10520,Action
19975,Action
9392,Action
11369,Action
10506,Action
11994,Action
7763,Action
13945,Action
10560,Action
11417,Action
7806,Action
13969,Action
11478,Action
10346,Action
10700,Action
20766,Action
11101,Action
11162,Action
11514,Action
10373,Action
11482,Action
12028,Action
20775,Action
11149,Action
7822,Action
14285,Action
72891,Action
16077,Action
21652,Action
10001,Action
10414,Action
7850,Action
76200,Action
11938,Action
12067,Action
23030,Action
8114,Action
11966,Action
16242,Action
11545,Action
11564,Action
10489,Action
11801,Action
11067,Action
23266,Action
12005,Action
16335,Action
11670,Action
11705,Action
11919,Action
26016,Action
79071,Action
10507,Action
79350,Action
11217,Action
16483,Action
11262,Action
10521,Action
79407,Action
11218,Action
8158,Action
12072,Action
16544,Action
29124,Action
12007,Action
85985,Action
11260,Action
11515,Action
86261,Action
29289,Action
11305,Action
12288,Action
11519,Action
12705,Action
618,Action
16294,Action
11991,Action
30033,Action
11671,Action
11525,Action
30509,Action
11675,Action
8816,Action
12207,Action
17053,Action
11882,Action
11533,Action
12972,Action
31122,Action
8951,Action
735,Action
17094,Action
12115,Action
31520,Action
11905,Action
13140,Action
32083,Action
11943,Action
16695,Action
12766,Action
17105,Action
12148,Action
32181,Action
12866,Action
17127,Action
17253,Action
17180,Action
34003,Action
11954,Action
12909,Action
11215,Action
17303,Action
13123,Action
11953,Action
12432,Action
41598,Action
11990,Action
11306,Action
17581,Action
13380,Action
13479,Action
42519,Action
908,Action
17612,Action
13478,Action
45267,Action
12029,Action
13191,Action
11383,Action
11891,Action
45669,Action
12001,Action
10424,Action
18789,Action
13542,Action
17562,Action
12773,Action
13762,Action
11532,Action
18790,Action
13789,Action
11916,Action
56291,Action
10454,Action
983,Action
12810,Action
64872,Action
23127,Action
11566,Action
11934,Action
13989,Action
12027,Action
14897,Action
14125,Action
12062,Action
15633,Action
71456,Action
12155,Action
23328,Action
11661,Action
12169,Action
14574,Action
10583,Action
15634,Action
18325,Action
72853,Action
20788,Action
14701,Action
72868,Action
1802,Action
18474,Action
13495,Action
73487,Action
23648,Action
21641,Action
14817,Action
73689,Action
12371,Action
2120,Action
21642,Action
23653,Action
15010,Action
11082,Action
12338,Action
22009,Action
12836,Action
22294,Action
11928,Action
22645,Action
15070,Action
12453,Action
12946,Action
11534,Action
3607,Action
16118,Action
32096,Action
100802,Action
26815,Action
11977,Action
3724,Action
112431,Action
16194,Action
103888,Action
12874,Action
112524,Action
13498,Action
16283,Action
14053,Action
12899,Action
11836,Action
4186,Action
16484,Action
106195,Action
12069,Action
15621,Action
16262,Action
4201,Action
115391,Action
109852,Action
27499,Action
115572,Action
16271,Action
16650,Action
23,Action
13652,Action
27575,Action
12103,Action
115639,Action
15819,Action
12019,Action
4536,Action
116017,Action
16777,Action
112935,Action
117764,Action
15862,Action
113105,Action
16910,Action
13963,Action
31650,Action
16507,Action
17020,Action
117962,Action
12468,Action
17038,Action
117541,Action
12178,Action
4986,Action
17080,Action
41813,Action
14553,Action
118000,Action
12520,Action
118989,Action
17260,Action
408,Action
12337,Action
15814,Action
119300,Action
17272,Action
16374,Action
13423,Action
119119,Action
15879,Action
17579,Action
33032,Action
15996,Action
12672,Action
5255,Action
123730,Action
17595,Action
121258,Action
15566,Action
12811,Action
13591,Action
17594,Action
122172,Action
14764,Action
124242,Action
15781,Action
33265,Action
124847,Action
13665,Action
17788,Action
765,Action
124745,Action
33405,Action
6738,Action
78335,Action
14974,Action
13239,Action
14687,Action
18320,Action
80547,Action
14739,Action
84802,Action
16310,Action
33933,Action
13312,Action
7321,Action
18501,Action
15238,Action
19234,Action
15071,Action
34140,Action
15373,Action
7465,Action
14117,Action
16775,Action
13521,Action
76968,Action
88913,Action
16342,Action
15782,Action
7700,Action
18961,Action
89822,Action
16343,Action
19593,Action
90065,Action
41103,Action
19071,Action
13674,Action
46101,Action
13791,Action
7847,Action
19307,Action
19976,Action
13857,Action
14566,Action
19448,Action
13800,Action
16728,Action
93659,Action
16729,Action
91500,Action
13932,Action
31,Adventure
10,Adventure
14,Adventure
187,Adventure
1,Adventure
182,Adventure
875,Adventure
42,Adventure
86,Adventure
11,Adventure
528,Adventure
4843,Adventure
69,Adventure
41,Adventure
83,Adventure
26,Adventure
5655,Adventure
616,Adventure
300,Adventure
85,Adventure
626,Adventure
294,Adventure
93,Adventure
5779,Adventure
98,Adventure
819,Adventure
494,Adventure
536,Adventure
758,Adventure
910,Adventure
2286,Adventure
235,Adventure
838,Adventure
291,Adventure
835,Adventure
3133,Adventure
871,Adventure
3470,Adventure
301,Adventure
3692,Adventure
784,Adventure
2189,Adventure
843,Adventure
3706,Adventure
3479,Adventure
6333,Adventure
3327,Adventure
472,Adventure
6357,Adventure
792,Adventure
3477,Adventure
3731,Adventure
6315,Adventure
3752,Adventure
3645,Adventure
1707,Adventure
848,Adventure
3647,Adventure
4586,Adventure
2157,Adventure
772,Adventure
856,Adventure
6993,Adventure
4601,Adventure
7161,Adventure
2489,Adventure
3426,Adventure
2284,Adventure
5132,Adventure
906,Adventure
5572,Adventure
3473,Adventure
5184,Adventure
2609,Adventure
7386,Adventure
3609,Adventure
5582,Adventure
6308,Adventure
2415,Adventure
5650,Adventure
7611,Adventure
6901,Adventure
3975,Adventure
6295,Adventure
6908,Adventure
3993,Adventure
7869,Adventure
4843,Adventure
7333,Adventure
2117,Adventure
7995,Adventure
5091,Adventure
2603,Adventure
5131,Adventure
7071,Adventure
4553,Adventure
4552,Adventure
7187,Adventure
7237,Adventure
3953,Adventure
2468,Adventure
8188,Adventure
3693,Adventure
8444,Adventure
3741,Adventure
7859,Adventure
5395,Adventure
7864,Adventure
8620,Adventure
4524,Adventure
8640,Adventure
5661,Adventure
6142,Adventure
3646,Adventure
8807,Adventure
6315,Adventure
6301,Adventure
5025,Adventure
6676,Adventure
4605,Adventure
6645,Adventure
5183,Adventure
10199,Adventure
5721,Adventure
3986,Adventure
10402,Adventure
5027,Adventure
9728,Adventure
5783,Adventure
7007,Adventure
10204,Adventure
7238,Adventure
10625,Adventure
7669,Adventure
7152,Adventure
10439,Adventure
7332,Adventure
5800,Adventure
7178,Adventure
6999,Adventure
10579,Adventure
6354,Adventure
7381,Adventure
7606,Adventure
5810,Adventure
7027,Adventure
6739,Adventure
7672,Adventure
7655,Adventure
11023,Adventure
11185,Adventure
11151,Adventure
6755,Adventure
7674,Adventure
5913,Adventure
7720,Adventure
12355,Adventure
11310,Adventure
7853,Adventure
7796,Adventure
7848,Adventure
11669,Adventure
7870,Adventure
11903,Adventure
6314,Adventure
12497,Adventure
7857,Adventure
8076,Adventure
11918,Adventure
6744,Adventure
12556,Adventure
11553,Adventure
8815,Adventure
8980,Adventure
5760,Adventure
6776,Adventure
12309,Adventure
11805,Adventure
11814,Adventure
7871,Adventure
7446,Adventure
8359,Adventure
12760,Adventure
7432,Adventure
8837,Adventure
12844,Adventure
9273,Adventure
11962,Adventure
24097,Adventure
8705,Adventure
13523,Adventure
7176,Adventure
7680,Adventure
8626,Adventure
6845,Adventure
24481,Adventure
9401,Adventure
26245,Adventure
8171,Adventure
7409,Adventure
9740,Adventure
8115,Adventure
9105,Adventure
8637,Adventure
7858,Adventure
28067,Adventure
14684,Adventure
6955,Adventure
8814,Adventure
7743,Adventure
9999,Adventure
8970,Adventure
8181,Adventure
6956,Adventure
12166,Adventure
9509,Adventure
10403,Adventure
9861,Adventure
9228,Adventure
9066,Adventure
16398,Adventure
8032,Adventure
30607,Adventure
9369,Adventure
8059,Adventure
16788,Adventure
9344,Adventure
7212,Adventure
32814,Adventure
9225,Adventure
16872,Adventure
8112,Adventure
10610,Adventure
9662,Adventure
17392,Adventure
9428,Adventure
12673,Adventure
17468,Adventure
9695,Adventure
10203,Adventure
7299,Adventure
11021,Adventure
10215,Adventure
9570,Adventure
14697,Adventure
8520,Adventure
11054,Adventure
7322,Adventure
14856,Adventure
8842,Adventure
10697,Adventure
9995,Adventure
13367,Adventure
10764,Adventure
19170,Adventure
10279,Adventure
11187,Adventure
11263,Adventure
19328,Adventure
10437,Adventure
10193,Adventure
11313,Adventure
11024,Adventure
11967,Adventure
11389,Adventure
53510,Adventure
7707,Adventure
13704,Adventure
10520,Adventure
19975,Adventure
15748,Adventure
10560,Adventure
20356,Adventure
13969,Adventure
71735,Adventure
15774,Adventure
20358,Adventure
11478,Adventure
10346,Adventure
72228,Adventure
10700,Adventure
20766,Adventure
13988,Adventure
20768,Adventure
72754,Adventure
11482,Adventure
12028,Adventure
14285,Adventure
10001,Adventure
73100,Adventure
76200,Adventure
10483,Adventure
23030,Adventure
16242,Adventure
11067,Adventure
16335,Adventure
11705,Adventure
11919,Adventure
12254,Adventure
26016,Adventure
79071,Adventure
16411,Adventure
11697,Adventure
11881,Adventure
10507,Adventure
79350,Adventure
26652,Adventure
16483,Adventure
11790,Adventure
10521,Adventure
12087,Adventure
11218,Adventure
12544,Adventure
27778,Adventure
12072,Adventure
16544,Adventure
12007,Adventure
12109,Adventure
86261,Adventure
11979,Adventure
12288,Adventure
11557,Adventure
618,Adventure
11525,Adventure
30509,Adventure
11675,Adventure
734,Adventure
12207,Adventure
17053,Adventure
12063,Adventure
31052,Adventure
11882,Adventure
12475,Adventure
10866,Adventure
11533,Adventure
31122,Adventure
8951,Adventure
12499,Adventure
17094,Adventure
11905,Adventure
11567,Adventure
32083,Adventure
16695,Adventure
17127,Adventure
11954,Adventure
12909,Adventure
34172,Adventure
11953,Adventure
17395,Adventure
12432,Adventure
11990,Adventure
17581,Adventure
11868,Adventure
13479,Adventure
12000,Adventure
9730,Adventure
17612,Adventure
13478,Adventure
12029,Adventure
13191,Adventure
11383,Adventure
18558,Adventure
11891,Adventure
13705,Adventure
12001,Adventure
13542,Adventure
13762,Adventure
11532,Adventure
11916,Adventure
56291,Adventure
10454,Adventure
18959,Adventure
13861,Adventure
11566,Adventure
13989,Adventure
12027,Adventure
12081,Adventure
68288,Adventure
15633,Adventure
23328,Adventure
11661,Adventure
12169,Adventure
23478,Adventure
11668,Adventure
72868,Adventure
18474,Adventure
21641,Adventure
14817,Adventure
14919,Adventure
73689,Adventure
12371,Adventure
21700,Adventure
15010,Adventure
22009,Adventure
12444,Adventure
95490,Adventure
11275,Adventure
22294,Adventure
13834,Adventure
12474,Adventure
15070,Adventure
11534,Adventure
13886,Adventure
12632,Adventure
26815,Adventure
12478,Adventure
101756,Adventure
16194,Adventure
32171,Adventure
12874,Adventure
12495,Adventure
13498,Adventure
3982,Adventure
16283,Adventure
105425,Adventure
11836,Adventure
4186,Adventure
33271,Adventure
106195,Adventure
4201,Adventure
33408,Adventure
6,Adventure
13368,Adventure
27499,Adventure
15810,Adventure
110153,Adventure
23,Adventure
12103,Adventure
16395,Adventure
4536,Adventure
16777,Adventure
12118,Adventure
117764,Adventure
34433,Adventure
13963,Adventure
13037,Adventure
16507,Adventure
117898,Adventure
115644,Adventure
117962,Adventure
13254,Adventure
17038,Adventure
117541,Adventure
32395,Adventure
12178,Adventure
118188,Adventure
17393,Adventure
118382,Adventure
41813,Adventure
117825,Adventure
13348,Adventure
17398,Adventure
15811,Adventure
43912,Adventure
408,Adventure
32630,Adventure
119165,Adventure
13364,Adventure
119300,Adventure
17272,Adventure
118677,Adventure
122273,Adventure
16374,Adventure
17579,Adventure
48533,Adventure
122593,Adventure
119355,Adventure
123730,Adventure
121258,Adventure
33048,Adventure
124822,Adventure
61708,Adventure
124242,Adventure
15781,Adventure
71845,Adventure
765,Adventure
6738,Adventure
17903,Adventure
78335,Adventure
16404,Adventure
14974,Adventure
80222,Adventure
13432,Adventure
14739,Adventure
7321,Adventure
18501,Adventure
19234,Adventure
15071,Adventure
18894,Adventure
13521,Adventure
18961,Adventure
15892,Adventure
90065,Adventure
16378,Adventure
90410,Adventure
16864,Adventure
13674,Adventure
89159,Adventure
78136,Adventure
15815,Adventure
16545,Adventure
90111,Adventure
19307,Adventure
92749,Adventure
13706,Adventure
90505,Adventure
50068,Adventure
13857,Adventure
7849,Adventure
91357,Adventure
20212,Adventure
93659,Adventure
93917,Adventure
17132,Adventure
13932,Adventure
14,Beat 'em Up
13,Beat 'em Up
22,Beat 'em Up
46,Beat 'em Up
850,Beat 'em Up
3981,Beat 'em Up
3406,Beat 'em Up
5132,Beat 'em Up
6908,Beat 'em Up
3987,Beat 'em Up
3988,Beat 'em Up
2468,Beat 'em Up
3693,Beat 'em Up
4524,Beat 'em Up
5722,Beat 'em Up
5717,Beat 'em Up
4685,Beat 'em Up
5721,Beat 'em Up
7259,Beat 'em Up
12080,Beat 'em Up
10666,Beat 'em Up
6879,Beat 'em Up
8558,Beat 'em Up
11669,Beat 'em Up
12472,Beat 'em Up
7410,Beat 'em Up
6314,Beat 'em Up
9061,Beat 'em Up
9393,Beat 'em Up
8727,Beat 'em Up
13524,Beat 'em Up
8922,Beat 'em Up
7409,Beat 'em Up
9885,Beat 'em Up
28067,Beat 'em Up
29119,Beat 'em Up
6980,Beat 'em Up
10263,Beat 'em Up
9428,Beat 'em Up
8448,Beat 'em Up
40961,Beat 'em Up
11454,Beat 'em Up
11469,Beat 'em Up
13988,Beat 'em Up
11507,Beat 'em Up
10483,Beat 'em Up
12048,Beat 'em Up
16544,Beat 'em Up
8701,Beat 'em Up
16294,Beat 'em Up
13140,Beat 'em Up
13590,Beat 'em Up
12066,Beat 'em Up
19184,Beat 'em Up
11934,Beat 'em Up
71456,Beat 'em Up
11668,Beat 'em Up
112524,Beat 'em Up
15568,Beat 'em Up
12622,Beat 'em Up
13905,Beat 'em Up
12118,Beat 'em Up
4676,Beat 'em Up
31652,Beat 'em Up
14429,Beat 'em Up
16198,Beat 'em Up
5102,Beat 'em Up
13364,Beat 'em Up
15996,Beat 'em Up
16423,Beat 'em Up
15239,Beat 'em Up
14348,Beat 'em Up
16864,Beat 'em Up
14552,Beat 'em Up
6878,Casino
44102,Casino
88112,Casino
6711,Compilation
12108,Compilation
12460,Compilation
9087,Compilation
12207,Compilation
5106,Construction and Management Simulation
42519,Construction and Management Simulation
118188,Construction and Management Simulation
16482,Education
57,Fighting
295,Fighting
628,Fighting
5982,Fighting
3118,Fighting
4032,Fighting
1115,Fighting
6476,Fighting
4435,Fighting
1064,Fighting
1198,Fighting
3758,Fighting
3475,Fighting
5786,Fighting
4565,Fighting
1038,Fighting
7677,Fighting
4033,Fighting
1116,Fighting
3770,Fighting
2670,Fighting
4566,Fighting
7826,Fighting
4633,Fighting
5574,Fighting
3999,Fighting
6477,Fighting
6605,Fighting
11180,Fighting
5702,Fighting
6877,Fighting
6909,Fighting
5769,Fighting
4666,Fighting
7713,Fighting
7764,Fighting
7969,Fighting
6961,Fighting
7103,Fighting
8097,Fighting
11787,Fighting
8178,Fighting
8861,Fighting
11798,Fighting
12563,Fighting
12986,Fighting
9364,Fighting
14350,Fighting
8827,Fighting
14900,Fighting
8028,Fighting
16548,Fighting
9263,Fighting
8447,Fighting
9498,Fighting
8842,Fighting
10942,Fighting
11161,Fighting
11457,Fighting
11163,Fighting
16152,Fighting
12067,Fighting
11225,Fighting
10878,Fighting
85985,Fighting
16402,Fighting
16410,Fighting
11943,Fighting
11056,Fighting
11945,Fighting
9419,Fighting
45669,Fighting
13789,Fighting
13959,Fighting
68005,Fighting
1117,Fighting
71456,Fighting
20611,Fighting
72868,Fighting
13495,Fighting
2672,Fighting
26556,Fighting
22775,Fighting
3982,Fighting
33113,Fighting
27263,Fighting
16484,Fighting
12655,Fighting
13790,Fighting
4453,Fighting
4754,Fighting
117548,Fighting
14553,Fighting
12845,Fighting
33405,Fighting
125373,Fighting
74938,Fighting
14906,Fighting
77846,Fighting
16545,Fighting
13791,Fighting
17098,Fighting
13880,Fighting
2465,Flight Simulator
2330,Flight Simulator
2353,Flight Simulator
19264,Flight Simulator
15632,Flight Simulator
21652,Flight Simulator
11215,Flight Simulator
4545,Horror
10,Horror
53,Horror
19,Horror
5336,Horror
875,Horror
11,Horror
54,Horror
509,Horror
626,Horror
404,Horror
98,Horror
807,Horror
378,Horror
809,Horror
737,Horror
2482,Horror
622,Horror
401,Horror
838,Horror
291,Horror
3470,Horror
3692,Horror
5774,Horror
790,Horror
567,Horror
922,Horror
472,Horror
3712,Horror
3477,Horror
6497,Horror
4542,Horror
6534,Horror
3729,Horror
772,Horror
3668,Horror
3406,Horror
3728,Horror
2489,Horror
3754,Horror
2483,Horror
3726,Horror
3473,Horror
5184,Horror
2783,Horror
5747,Horror
3740,Horror
7502,Horror
3743,Horror
2415,Horror
3612,Horror
3754,Horror
4545,Horror
7746,Horror
6302,Horror
984,Horror
7035,Horror
3610,Horror
3727,Horror
1491,Horror
7333,Horror
4515,Horror
6780,Horror
3730,Horror
7995,Horror
4543,Horror
5131,Horror
3987,Horror
7845,Horror
4788,Horror
7862,Horror
3953,Horror
5182,Horror
3988,Horror
2468,Horror
8188,Horror
5774,Horror
3741,Horror
5141,Horror
8732,Horror
3893,Horror
3410,Horror
8729,Horror
4564,Horror
5318,Horror
4596,Horror
6644,Horror
6676,Horror
5183,Horror
8728,Horror
5929,Horror
4685,Horror
5721,Horror
8984,Horror
10433,Horror
11071,Horror
9728,Horror
5028,Horror
5783,Horror
9856,Horror
5121,Horror
6359,Horror
7180,Horror
10625,Horror
7669,Horror
7332,Horror
10579,Horror
5286,Horror
7606,Horror
4715,Horror
7500,Horror
11185,Horror
11186,Horror
7852,Horror
11274,Horror
7720,Horror
12355,Horror
11310,Horror
7853,Horror
7796,Horror
6879,Horror
6319,Horror
12472,Horror
7863,Horror
12497,Horror
8076,Horror
6744,Horror
11950,Horror
6342,Horror
8083,Horror
6871,Horror
8815,Horror
8836,Horror
12246,Horror
7179,Horror
8209,Horror
7197,Horror
11805,Horror
8540,Horror
8731,Horror
23269,Horror
8837,Horror
12844,Horror
9273,Horror
24231,Horror
8626,Horror
8733,Horror
13691,Horror
8726,Horror
26638,Horror
9574,Horror
14684,Horror
6955,Horror
8814,Horror
9999,Horror
6956,Horror
10253,Horror
8981,Horror
9338,Horror
8835,Horror
12308,Horror
10559,Horror
10390,Horror
32814,Horror
10610,Horror
8243,Horror
14595,Horror
8652,Horror
10481,Horror
7299,Horror
10442,Horror
9570,Horror
7306,Horror
12901,Horror
34434,Horror
11027,Horror
8802,Horror
10364,Horror
34602,Horror
40443,Horror
11077,Horror
19170,Horror
15199,Horror
10421,Horror
9063,Horror
11024,Horror
11967,Horror
19763,Horror
10305,Horror
10797,Horror
15748,Horror
12008,Horror
20356,Horror
7806,Horror
9573,Horror
10346,Horror
72228,Horror
10700,Horror
7815,Horror
10001,Horror
73100,Horror
11556,Horror
76322,Horror
23030,Horror
23059,Horror
10489,Horror
11801,Horror
55,Horror
78632,Horror
16335,Horror
78880,Horror
26643,Horror
79364,Horror
11262,Horror
80620,Horror
10573,Horror
11519,Horror
11671,Horror
11525,Horror
12475,Horror
11905,Horror
12500,Horror
11567,Horror
13140,Horror
12766,Horror
13271,Horror
17253,Horror
13118,Horror
42519,Horror
9730,Horror
12598,Horror
13191,Horror
10424,Horror
11532,Horror
13897,Horror
12018,Horror
983,Horror
13861,Horror
11934,Horror
10498,Horror
19193,Horror
23328,Horror
15634,Horror
23478,Horror
14701,Horror
73487,Horror
18692,Horror
12323,Horror
15816,Horror
12444,Horror
11275,Horror
22294,Horror
12474,Horror
11534,Horror
32096,Horror
12632,Horror
32171,Horror
12495,Horror
15889,Horror
11836,Horror
106195,Horror
27266,Horror
4201,Horror
13652,Horror
15819,Horror
16395,Horror
117819,Horror
13037,Horror
13990,Horror
17020,Horror
14035,Horror
34808,Horror
14131,Horror
118382,Horror
407,Horror
117825,Horror
32580,Horror
15814,Horror
119300,Horror
17272,Horror
14722,Horror
12772,Horror
13437,Horror
617,Horror
124847,Horror
15817,Horror
16404,Horror
14974,Horror
80222,Horror
14687,Horror
13875,Horror
16310,Horror
7321,Horror
76323,Horror
13499,Horror
88913,Horror
13579,Horror
7700,Horror
89822,Horror
16797,Horror
90065,Horror
13775,Horror
88868,Horror
19071,Horror
78136,Horror
15815,Horror
16545,Horror
90111,Horror
78882,Horror
92905,Horror
79231,Horror
23269,Life Simulation
16482,Life Simulation
10803,Life Simulation
19540,Life Simulation
53510,Life Simulation
20190,Life Simulation
72754,Life Simulation
86261,Life Simulation
16612,Life Simulation
42519,Life Simulation
113176,Life Simulation
14104,Life Simulation
34325,Life Simulation
118188,Life Simulation
118973,Life Simulation
43912,Life Simulation
17272,Life Simulation
70,MMO
744,MMO
417,MMO
10711,MMO
19371,MMO
10489,MMO
16294,MMO
17187,MMO
10498,MMO
14919,MMO
34325,MMO
18320,MMO
16450,MMO
6295,Music
381,Party
113176,Party
235,Platform
2384,Platform
1116,Platform
2468,Platform
7723,Platform
8620,Platform
5781,Platform
8526,Platform
10395,Platform
5839,Platform
6953,Platform
6739,Platform
5753,Platform
11185,Platform
11186,Platform
8626,Platform
7409,Platform
9344,Platform
14898,Platform
11161,Platform
9573,Platform
10483,Platform
10507,Platform
79350,Platform
11675,Platform
31520,Platform
10454,Platform
13861,Platform
14897,Platform
15634,Platform
33439,Platform
110597,Platform
119119,Platform
15879,Platform
48533,Platform
54355,Platform
13591,Platform
33265,Platform
33405,Platform
6738,Platform
13875,Platform
18961,Platform
90065,Platform
2286,Puzzle
3729,Puzzle
3754,Puzzle
5582,Puzzle
3754,Puzzle
6901,Puzzle
1491,Puzzle
5318,Puzzle
8526,Puzzle
5027,Puzzle
9856,Puzzle
5107,Puzzle
7027,Puzzle
5753,Puzzle
11553,Puzzle
12203,Puzzle
12309,Puzzle
9098,Puzzle
13691,Puzzle
9105,Puzzle
14898,Puzzle
8114,Puzzle
23266,Puzzle
26643,Puzzle
10507,Puzzle
12087,Puzzle
12544,Puzzle
13861,Puzzle
65073,Puzzle
14897,Puzzle
11661,Puzzle
23478,Puzzle
12632,Puzzle
110597,Puzzle
408,Puzzle
118485,Puzzle
14722,Puzzle
122273,Puzzle
122582,Puzzle
48533,Puzzle
13875,Puzzle
15892,Puzzle
90065,Puzzle
90111,Puzzle
90505,Puzzle
50068,Puzzle
381,Quiz
11177,Quiz
9335,Quiz
15,Racing
497,Racing
871,Racing
380,Racing
1048,Racing
4494,Racing
6358,Racing
7386,Racing
5799,Racing
3941,Racing
3946,Racing
5801,Racing
4340,Racing
4603,Racing
7760,Racing
4677,Racing
7616,Racing
5586,Racing
7981,Racing
6358,Racing
5726,Racing
5611,Racing
10887,Racing
7153,Racing
7152,Racing
6999,Racing
5649,Racing
5713,Racing
5023,Racing
7310,Racing
7764,Racing
12437,Racing
9061,Racing
23269,Racing
7980,Racing
10260,Racing
12709,Racing
14689,Racing
9745,Racing
7763,Racing
11101,Racing
78021,Racing
23266,Racing
766,Racing
12191,Racing
112935,Racing
10,Role-Playing
527,Role-Playing
35,Role-Playing
4567,Role-Playing
875,Role-Playing
83,Role-Playing
177,Role-Playing
70,Role-Playing
626,Role-Playing
29,Role-Playing
294,Role-Playing
5779,Role-Playing
98,Role-Playing
887,Role-Playing
910,Role-Playing
736,Role-Playing
2286,Role-Playing
223,Role-Playing
417,Role-Playing
3133,Role-Playing
6305,Role-Playing
784,Role-Playing
843,Role-Playing
830,Role-Playing
913,Role-Playing
2295,Role-Playing
567,Role-Playing
2453,Role-Playing
829,Role-Playing
848,Role-Playing
4568,Role-Playing
2144,Role-Playing
2157,Role-Playing
772,Role-Playing
856,Role-Playing
2437,Role-Playing
5380,Role-Playing
2343,Role-Playing
914,Role-Playing
3609,Role-Playing
6308,Role-Playing
7611,Role-Playing
3985,Role-Playing
891,Role-Playing
3705,Role-Playing
4567,Role-Playing
7042,Role-Playing
2117,Role-Playing
7453,Role-Playing
4036,Role-Playing
7477,Role-Playing
2603,Role-Playing
2382,Role-Playing
7237,Role-Playing
7862,Role-Playing
3953,Role-Playing
5395,Role-Playing
7992,Role-Playing
5662,Role-Playing
8982,Role-Playing
9692,Role-Playing
6306,Role-Playing
5304,Role-Playing
9884,Role-Playing
6645,Role-Playing
8575,Role-Playing
6691,Role-Playing
8976,Role-Playing
8978,Role-Playing
10402,Role-Playing
4037,Role-Playing
5780,Role-Playing
10443,Role-Playing
7238,Role-Playing
10625,Role-Playing
10439,Role-Playing
10711,Role-Playing
7661,Role-Playing
7655,Role-Playing
12205,Role-Playing
12206,Role-Playing
11480,Role-Playing
12441,Role-Playing
11558,Role-Playing
7848,Role-Playing
11513,Role-Playing
7863,Role-Playing
8027,Role-Playing
12606,Role-Playing
12145,Role-Playing
6931,Role-Playing
8455,Role-Playing
7170,Role-Playing
8977,Role-Playing
7871,Role-Playing
8259,Role-Playing
7943,Role-Playing
6932,Role-Playing
24097,Role-Playing
7980,Role-Playing
13523,Role-Playing
7176,Role-Playing
24931,Role-Playing
9105,Role-Playing
9885,Role-Playing
28067,Role-Playing
8157,Role-Playing
9581,Role-Playing
8181,Role-Playing
12166,Role-Playing
9509,Role-Playing
8981,Role-Playing
15668,Role-Playing
7851,Role-Playing
10403,Role-Playing
16013,Role-Playing
8250,Role-Playing
6980,Role-Playing
9369,Role-Playing
10508,Role-Playing
31242,Role-Playing
12308,Role-Playing
14512,Role-Playing
10316,Role-Playing
9695,Role-Playing
14697,Role-Playing
17769,Role-Playing
34457,Role-Playing
8842,Role-Playing
13367,Role-Playing
9834,Role-Playing
8704,Role-Playing
40751,Role-Playing
10279,Role-Playing
11952,Role-Playing
19328,Role-Playing
13586,Role-Playing
9281,Role-Playing
11338,Role-Playing
13704,Role-Playing
56309,Role-Playing
19975,Role-Playing
11512,Role-Playing
20190,Role-Playing
7806,Role-Playing
11840,Role-Playing
9573,Role-Playing
72228,Role-Playing
10700,Role-Playing
20768,Role-Playing
10373,Role-Playing
20775,Role-Playing
11149,Role-Playing
11913,Role-Playing
11057,Role-Playing
22805,Role-Playing
7850,Role-Playing
22897,Role-Playing
11966,Role-Playing
11564,Role-Playing
11067,Role-Playing
23266,Role-Playing
78632,Role-Playing
11670,Role-Playing
11697,Role-Playing
11881,Role-Playing
147,Role-Playing
11912,Role-Playing
8158,Role-Playing
12109,Role-Playing
8234,Role-Playing
87177,Role-Playing
12445,Role-Playing
29309,Role-Playing
11557,Role-Playing
16294,Role-Playing
16727,Role-Playing
12662,Role-Playing
11525,Role-Playing
734,Role-Playing
12207,Role-Playing
17053,Role-Playing
12063,Role-Playing
12819,Role-Playing
735,Role-Playing
17094,Role-Playing
12148,Role-Playing
11914,Role-Playing
12866,Role-Playing
17127,Role-Playing
12306,Role-Playing
13123,Role-Playing
13059,Role-Playing
42519,Role-Playing
17454,Role-Playing
12029,Role-Playing
13705,Role-Playing
12001,Role-Playing
13542,Role-Playing
11532,Role-Playing
64872,Role-Playing
19184,Role-Playing
11983,Role-Playing
12162,Role-Playing
12960,Role-Playing
12156,Role-Playing
12201,Role-Playing
72868,Role-Playing
10989,Role-Playing
21641,Role-Playing
21642,Role-Playing
13518,Role-Playing
73995,Role-Playing
12323,Role-Playing
13520,Role-Playing
95490,Role-Playing
15977,Role-Playing
13834,Role-Playing
97779,Role-Playing
11534,Role-Playing
11977,Role-Playing
22884,Role-Playing
15754,Role-Playing
13498,Role-Playing
14053,Role-Playing
113393,Role-Playing
16222,Role-Playing
4186,Role-Playing
13032,Role-Playing
11886,Role-Playing
109852,Role-Playing
115632,Role-Playing
16650,Role-Playing
12019,Role-Playing
116017,Role-Playing
34325,Role-Playing
13845,Role-Playing
113105,Role-Playing
12102,Role-Playing
113730,Role-Playing
116503,Role-Playing
17080,Role-Playing
12337,Role-Playing
118677,Role-Playing
32746,Role-Playing
16374,Role-Playing
12663,Role-Playing
598,Role-Playing
124791,Role-Playing
13404,Role-Playing
13665,Role-Playing
124669,Role-Playing
13405,Role-Playing
71845,Role-Playing
767,Role-Playing
18320,Role-Playing
16310,Role-Playing
18501,Role-Playing
19234,Role-Playing
87282,Role-Playing
14117,Role-Playing
13521,Role-Playing
16042,Role-Playing
19419,Role-Playing
34382,Role-Playing
14148,Role-Playing
13582,Role-Playing
19593,Role-Playing
15665,Role-Playing
41103,Role-Playing
16864,Role-Playing
16450,Role-Playing
89159,Role-Playing
16545,Role-Playing
16874,Role-Playing
13706,Role-Playing
19976,Role-Playing
16637,Role-Playing
13857,Role-Playing
7849,Role-Playing
13800,Role-Playing
14600,Role-Playing
182,Sandbox
26,Sandbox
5655,Sandbox
98,Sandbox
769,Sandbox
3706,Sandbox
822,Sandbox
2453,Sandbox
869,Sandbox
1707,Sandbox
2157,Sandbox
3426,Sandbox
3945,Sandbox
2609,Sandbox
5799,Sandbox
3946,Sandbox
7611,Sandbox
5801,Sandbox
3705,Sandbox
2382,Sandbox
3779,Sandbox
2402,Sandbox
5037,Sandbox
7864,Sandbox
8392,Sandbox
3714,Sandbox
6790,Sandbox
6992,Sandbox
11344,Sandbox
7152,Sandbox
5800,Sandbox
10707,Sandbox
5023,Sandbox
12147,Sandbox
5907,Sandbox
6872,Sandbox
7764,Sandbox
6879,Sandbox
7857,Sandbox
11918,Sandbox
11522,Sandbox
8178,Sandbox
6791,Sandbox
6792,Sandbox
11890,Sandbox
7943,Sandbox
23603,Sandbox
8705,Sandbox
6845,Sandbox
24481,Sandbox
26245,Sandbox
7858,Sandbox
7865,Sandbox
8520,Sandbox
9895,Sandbox
34559,Sandbox
8842,Sandbox
9995,Sandbox
11892,Sandbox
11263,Sandbox
10641,Sandbox
15632,Sandbox
59025,Sandbox
11478,Sandbox
20766,Sandbox
11482,Sandbox
11913,Sandbox
11057,Sandbox
11556,Sandbox
23266,Sandbox
11919,Sandbox
12254,Sandbox
11912,Sandbox
12146,Sandbox
16317,Sandbox
31122,Sandbox
8951,Sandbox
766,Sandbox
16695,Sandbox
17253,Sandbox
41598,Sandbox
12066,Sandbox
13762,Sandbox
11566,Sandbox
11934,Sandbox
19868,Sandbox
22645,Sandbox
97779,Sandbox
11626,Sandbox
3982,Sandbox
4186,Sandbox
107806,Sandbox
34325,Sandbox
17020,Sandbox
12520,Sandbox
16305,Sandbox
17579,Sandbox
16204,Sandbox
765,Sandbox
767,Sandbox
18320,Sandbox
34140,Sandbox
19071,Sandbox
92597,Sandbox
92908,Sandbox
13932,Sandbox
5312,Shooter
8,Shooter
31,Shooter
10,Shooter
187,Shooter
53,Shooter
1,Shooter
527,Shooter
19,Shooter
20,Shooter
182,Shooter
875,Shooter
42,Shooter
32,Shooter
11,Shooter
51,Shooter
71,Shooter
54,Shooter
5612,Shooter
156,Shooter
240,Shooter
969,Shooter
83,Shooter
620,Shooter
177,Shooter
26,Shooter
94,Shooter
87,Shooter
4978,Shooter
1061,Shooter
105,Shooter
626,Shooter
388,Shooter
744,Shooter
294,Shooter
103,Shooter
776,Shooter
4980,Shooter
1094,Shooter
404,Shooter
98,Shooter
807,Shooter
538,Shooter
497,Shooter
844,Shooter
494,Shooter
145,Shooter
5163,Shooter
389,Shooter
758,Shooter
910,Shooter
737,Shooter
746,Shooter
2482,Shooter
622,Shooter
184,Shooter
5715,Shooter
401,Shooter
1193,Shooter
818,Shooter
963,Shooter
747,Shooter
769,Shooter
788,Shooter
6299,Shooter
2465,Shooter
5762,Shooter
417,Shooter
1987,Shooter
291,Shooter
3133,Shooter
770,Shooter
871,Shooter
755,Shooter
5774,Shooter
911,Shooter
292,Shooter
3204,Shooter
972,Shooter
803,Shooter
2725,Shooter
3428,Shooter
922,Shooter
812,Shooter
2330,Shooter
3712,Shooter
574,Shooter
4202,Shooter
4328,Shooter
793,Shooter
2453,Shooter
3752,Shooter
623,Shooter
882,Shooter
1172,Shooter
3981,Shooter
756,Shooter
6497,Shooter
3989,Shooter
624,Shooter
924,Shooter
3719,Shooter
4031,Shooter
771,Shooter
6534,Shooter
2470,Shooter
2356,Shooter
2488,Shooter
4205,Shooter
625,Shooter
2144,Shooter
4982,Shooter
772,Shooter
3668,Shooter
732,Shooter
2297,Shooter
3728,Shooter
2160,Shooter
3772,Shooter
5099,Shooter
805,Shooter
888,Shooter
757,Shooter
2481,Shooter
5380,Shooter
2483,Shooter
906,Shooter
7184,Shooter
2771,Shooter
3778,Shooter
5647,Shooter
5192,Shooter
2783,Shooter
5317,Shooter
840,Shooter
3332,Shooter
3895,Shooter
5799,Shooter
2384,Shooter
3921,Shooter
4540,Shooter
5419,Shooter
3427,Shooter
928,Shooter
7502,Shooter
5974,Shooter
3949,Shooter
3609,Shooter
5582,Shooter
884,Shooter
3743,Shooter
4179,Shooter
6308,Shooter
3946,Shooter
4548,Shooter
3612,Shooter
964,Shooter
7611,Shooter
6341,Shooter
3950,Shooter
3959,Shooter
891,Shooter
3943,Shooter
6865,Shooter
2727,Shooter
4030,Shooter
5801,Shooter
6167,Shooter
925,Shooter
3991,Shooter
3778,Shooter
6907,Shooter
3587,Shooter
4182,Shooter
4664,Shooter
1062,Shooter
7746,Shooter
3977,Shooter
4327,Shooter
6302,Shooter
3895,Shooter
3610,Shooter
4699,Shooter
6462,Shooter
3727,Shooter
4510,Shooter
4174,Shooter
4179,Shooter
6780,Shooter
4978,Shooter
2353,Shooter
4178,Shooter
4206,Shooter
3721,Shooter
4539,Shooter
6906,Shooter
2192,Shooter
8103,Shooter
4980,Shooter
4208,Shooter
4550,Shooter
2603,Shooter
4541,Shooter
7735,Shooter
7071,Shooter
3961,Shooter
8105,Shooter
5163,Shooter
7187,Shooter
3779,Shooter
5166,Shooter
5215,Shooter
7237,Shooter
2402,Shooter
7845,Shooter
5715,Shooter
5078,Shooter
7271,Shooter
3690,Shooter
4788,Shooter
3953,Shooter
5276,Shooter
7616,Shooter
8012,Shooter
5762,Shooter
5313,Shooter
4987,Shooter
7656,Shooter
4979,Shooter
5026,Shooter
8104,Shooter
4188,Shooter
5586,Shooter
3990,Shooter
2768,Shooter
8444,Shooter
8110,Shooter
5774,Shooter
5037,Shooter
5036,Shooter
5141,Shooter
4204,Shooter
2770,Shooter
8361,Shooter
5136,Shooter
3893,Shooter
5111,Shooter
5173,Shooter
5658,Shooter
5984,Shooter
7866,Shooter
4196,Shooter
3410,Shooter
5648,Shooter
7981,Shooter
5129,Shooter
5210,Shooter
8729,Shooter
7992,Shooter
4337,Shooter
9557,Shooter
5754,Shooter
8107,Shooter
4336,Shooter
5273,Shooter
8881,Shooter
4582,Shooter
5025,Shooter
9650,Shooter
8982,Shooter
5664,Shooter
8392,Shooter
5271,Shooter
9073,Shooter
4596,Shooter
6644,Shooter
8524,Shooter
3714,Shooter
10211,Shooter
5781,Shooter
4559,Shooter
5583,Shooter
5844,Shooter
3753,Shooter
6691,Shooter
6347,Shooter
8728,Shooter
4585,Shooter
5654,Shooter
5727,Shooter
4698,Shooter
6953,Shooter
5198,Shooter
3947,Shooter
10593,Shooter
6740,Shooter
5768,Shooter
10728,Shooter
4983,Shooter
6996,Shooter
10887,Shooter
6741,Shooter
6851,Shooter
5730,Shooter
5775,Shooter
10893,Shooter
7046,Shooter
11071,Shooter
6992,Shooter
5100,Shooter
11344,Shooter
6183,Shooter
5121,Shooter
5933,Shooter
7164,Shooter
7180,Shooter
5752,Shooter
4339,Shooter
10460,Shooter
11471,Shooter
6765,Shooter
10220,Shooter
5139,Shooter
5936,Shooter
11523,Shooter
7279,Shooter
7238,Shooter
10625,Shooter
7669,Shooter
6858,Shooter
5272,Shooter
6974,Shooter
6309,Shooter
11948,Shooter
5585,Shooter
7270,Shooter
10513,Shooter
5800,Shooter
4714,Shooter
12006,Shooter
7696,Shooter
7178,Shooter
7351,Shooter
5649,Shooter
4715,Shooter
11069,Shooter
7702,Shooter
7027,Shooter
10707,Shooter
12130,Shooter
5753,Shooter
5835,Shooter
5023,Shooter
12147,Shooter
7727,Shooter
7745,Shooter
11151,Shooter
5907,Shooter
7704,Shooter
5843,Shooter
5033,Shooter
7844,Shooter
7852,Shooter
6872,Shooter
5917,Shooter
7722,Shooter
7764,Shooter
11310,Shooter
6310,Shooter
5156,Shooter
7861,Shooter
7853,Shooter
7385,Shooter
12447,Shooter
7848,Shooter
7842,Shooter
6319,Shooter
5175,Shooter
12497,Shooter
8582,Shooter
5191,Shooter
12556,Shooter
8113,Shooter
7986,Shooter
7729,Shooter
11950,Shooter
6342,Shooter
8820,Shooter
8001,Shooter
8083,Shooter
11961,Shooter
6871,Shooter
12740,Shooter
8154,Shooter
7737,Shooter
12077,Shooter
7130,Shooter
13001,Shooter
8049,Shooter
8090,Shooter
5742,Shooter
13302,Shooter
12203,Shooter
6666,Shooter
13309,Shooter
8106,Shooter
8126,Shooter
12246,Shooter
7179,Shooter
8227,Shooter
8523,Shooter
7843,Shooter
9004,Shooter
13420,Shooter
8885,Shooter
7197,Shooter
5803,Shooter
11805,Shooter
8246,Shooter
8540,Shooter
7860,Shooter
12437,Shooter
7324,Shooter
13993,Shooter
7282,Shooter
5908,Shooter
23152,Shooter
8522,Shooter
7871,Shooter
23243,Shooter
9061,Shooter
6304,Shooter
8561,Shooter
7508,Shooter
8390,Shooter
7682,Shooter
8705,Shooter
24231,Shooter
8626,Shooter
11999,Shooter
24481,Shooter
8804,Shooter
7985,Shooter
7392,Shooter
9582,Shooter
8908,Shooter
14065,Shooter
8081,Shooter
12071,Shooter
9467,Shooter
7824,Shooter
26471,Shooter
8968,Shooter
14326,Shooter
9574,Shooter
7717,Shooter
9444,Shooter
9051,Shooter
14684,Shooter
12164,Shooter
28377,Shooter
9581,Shooter
9999,Shooter
7865,Shooter
9503,Shooter
15278,Shooter
12166,Shooter
29318,Shooter
10253,Shooter
7984,Shooter
9228,Shooter
9243,Shooter
12197,Shooter
30241,Shooter
9558,Shooter
10493,Shooter
10182,Shooter
7195,Shooter
30773,Shooter
9858,Shooter
14297,Shooter
8059,Shooter
9226,Shooter
31870,Shooter
16582,Shooter
8087,Shooter
8108,Shooter
10390,Shooter
9593,Shooter
7212,Shooter
14573,Shooter
16872,Shooter
8243,Shooter
14595,Shooter
8652,Shooter
34284,Shooter
9695,Shooter
17477,Shooter
9430,Shooter
12709,Shooter
10442,Shooter
14689,Shooter
17626,Shooter
11021,Shooter
8767,Shooter
10597,Shooter
9772,Shooter
17627,Shooter
11027,Shooter
14697,Shooter
9507,Shooter
8802,Shooter
10649,Shooter
9998,Shooter
10364,Shooter
9895,Shooter
13326,Shooter
11068,Shooter
9657,Shooter
18747,Shooter
8553,Shooter
11884,Shooter
9995,Shooter
7388,Shooter
40443,Shooter
11077,Shooter
18830,Shooter
11138,Shooter
9070,Shooter
10363,Shooter
11892,Shooter
7398,Shooter
40834,Shooter
15199,Shooter
9993,Shooter
19264,Shooter
8914,Shooter
9095,Shooter
7405,Shooter
41135,Shooter
11311,Shooter
15383,Shooter
11024,Shooter
10463,Shooter
7697,Shooter
13678,Shooter
15615,Shooter
10216,Shooter
9281,Shooter
10464,Shooter
11976,Shooter
10699,Shooter
7707,Shooter
13704,Shooter
15632,Shooter
10305,Shooter
57704,Shooter
11416,Shooter
20125,Shooter
10797,Shooter
15748,Shooter
9464,Shooter
10306,Shooter
71434,Shooter
11417,Shooter
10606,Shooter
10865,Shooter
9573,Shooter
12020,Shooter
11896,Shooter
15818,Shooter
9985,Shooter
11913,Shooter
16077,Shooter
21652,Shooter
11548,Shooter
11057,Shooter
12044,Shooter
22805,Shooter
11173,Shooter
7850,Shooter
14296,Shooter
76200,Shooter
11556,Shooter
11516,Shooter
11064,Shooter
8114,Shooter
21,Shooter
77002,Shooter
23059,Shooter
10503,Shooter
10489,Shooter
78021,Shooter
11801,Shooter
12117,Shooter
23266,Shooter
11299,Shooter
8123,Shooter
55,Shooter
78632,Shooter
23275,Shooter
10505,Shooter
78880,Shooter
11150,Shooter
12254,Shooter
11326,Shooter
8124,Shooter
140,Shooter
12031,Shooter
16411,Shooter
11697,Shooter
10507,Shooter
11993,Shooter
11217,Shooter
12363,Shooter
11343,Shooter
8133,Shooter
147,Shooter
79364,Shooter
16483,Shooter
27259,Shooter
11912,Shooter
11484,Shooter
165,Shooter
80620,Shooter
11812,Shooter
11302,Shooter
10573,Shooter
12660,Shooter
29239,Shooter
12146,Shooter
11979,Shooter
29289,Shooter
10698,Shooter
12705,Shooter
29309,Shooter
16294,Shooter
12158,Shooter
30033,Shooter
11671,Shooter
12350,Shooter
10705,Shooter
16317,Shooter
12728,Shooter
734,Shooter
12063,Shooter
31122,Shooter
11802,Shooter
16525,Shooter
12500,Shooter
10873,Shooter
16562,Shooter
12978,Shooter
766,Shooter
32181,Shooter
11914,Shooter
13029,Shooter
11709,Shooter
13271,Shooter
33051,Shooter
768,Shooter
13118,Shooter
17180,Shooter
11215,Shooter
13123,Shooter
11851,Shooter
13396,Shooter
9476,Shooter
777,Shooter
13335,Shooter
17187,Shooter
11868,Shooter
42519,Shooter
12000,Shooter
908,Shooter
17454,Shooter
12598,Shooter
13705,Shooter
10424,Shooter
909,Shooter
12773,Shooter
56291,Shooter
12018,Shooter
13861,Shooter
17603,Shooter
12810,Shooter
12074,Shooter
1083,Shooter
19193,Shooter
17806,Shooter
12848,Shooter
23219,Shooter
11591,Shooter
19868,Shooter
14373,Shooter
14125,Shooter
10572,Shooter
19871,Shooter
17813,Shooter
12951,Shooter
20389,Shooter
72309,Shooter
10583,Shooter
1502,Shooter
18325,Shooter
72853,Shooter
14918,Shooter
12177,Shooter
1802,Shooter
18474,Shooter
13495,Shooter
12191,Shooter
12301,Shooter
14919,Shooter
11895,Shooter
12345,Shooter
14920,Shooter
94393,Shooter
12487,Shooter
11082,Shooter
2194,Shooter
94803,Shooter
26237,Shooter
11927,Shooter
14986,Shooter
31868,Shooter
15661,Shooter
16118,Shooter
100802,Shooter
15277,Shooter
13421,Shooter
11626,Shooter
3724,Shooter
13961,Shooter
27258,Shooter
11984,Shooter
15889,Shooter
104345,Shooter
11811,Shooter
3982,Shooter
16283,Shooter
104432,Shooter
12010,Shooter
15569,Shooter
13763,Shooter
4186,Shooter
114761,Shooter
27266,Shooter
115348,Shooter
15621,Shooter
16262,Shooter
107806,Shooter
115391,Shooter
16576,Shooter
33408,Shooter
6,Shooter
12101,Shooter
115572,Shooter
12839,Shooter
16271,Shooter
11925,Shooter
33439,Shooter
13652,Shooter
15819,Shooter
12963,Shooter
112128,Shooter
13933,Shooter
116017,Shooter
16777,Shooter
33,Shooter
29113,Shooter
16472,Shooter
13967,Shooter
49,Shooter
31650,Shooter
12143,Shooter
117896,Shooter
16019,Shooter
13037,Shooter
13990,Shooter
12161,Shooter
4718,Shooter
89,Shooter
12159,Shooter
16020,Shooter
17199,Shooter
14039,Shooter
118180,Shooter
17038,Shooter
34808,Shooter
142,Shooter
12178,Shooter
13305,Shooter
12496,Shooter
4986,Shooter
17080,Shooter
41813,Shooter
407,Shooter
32580,Shooter
12296,Shooter
16229,Shooter
118989,Shooter
17260,Shooter
118169,Shooter
14646,Shooter
17459,Shooter
15814,Shooter
12568,Shooter
5120,Shooter
573,Shooter
17532,Shooter
5214,Shooter
14820,Shooter
33032,Shooter
13437,Shooter
17559,Shooter
5255,Shooter
17595,Shooter
54355,Shooter
615,Shooter
15566,Shooter
6168,Shooter
17594,Shooter
16147,Shooter
13404,Shooter
14764,Shooter
17604,Shooter
61708,Shooter
617,Shooter
15781,Shooter
6344,Shooter
17602,Shooter
124669,Shooter
16204,Shooter
13405,Shooter
14899,Shooter
125249,Shooter
71845,Shooter
765,Shooter
13036,Shooter
13797,Shooter
13422,Shooter
14377,Shooter
73147,Shooter
767,Shooter
16261,Shooter
33873,Shooter
13239,Shooter
14687,Shooter
7272,Shooter
13875,Shooter
18320,Shooter
19201,Shooter
775,Shooter
84802,Shooter
33933,Shooter
13312,Shooter
14051,Shooter
85076,Shooter
16547,Shooter
13449,Shooter
15374,Shooter
16311,Shooter
15373,Shooter
16042,Shooter
15614,Shooter
15659,Shooter
14148,Shooter
16797,Shooter
16343,Shooter
16378,Shooter
13775,Shooter
88868,Shooter
7731,Shooter
19870,Shooter
15815,Shooter
92597,Shooter
46101,Shooter
7847,Shooter
13706,Shooter
78882,Shooter
16040,Shooter
92905,Shooter
7849,Shooter
92908,Shooter
16728,Shooter
16049,Shooter
16729,Shooter
51114,Shooter
91500,Shooter
7867,Shooter
14600,Shooter
17132,Shooter
13932,Shooter
57,Sports
1064,Sports
5624,Sports
9264,Sports
5726,Sports
6652,Sports
6878,Sports
5833,Sports
9395,Sports
6855,Sports
16546,Sports
9394,Sports
9396,Sports
16410,Sports
11945,Sports
9419,Sports
47824,Sports
15043,Sports
13031,Sports
16414,Sports
16542,Sports
19464,Sports
187,Stealth
42,Stealth
528,Stealth
41,Stealth
5655,Stealth
4978,Stealth
300,Stealth
809,Stealth
3709,Stealth
790,Stealth
6091,Stealth
3602,Stealth
3603,Stealth
3989,Stealth
3645,Stealth
1707,Stealth
2470,Stealth
2144,Stealth
3647,Stealth
5099,Stealth
7161,Stealth
3426,Stealth
3710,Stealth
5647,Stealth
2609,Stealth
5192,Stealth
3609,Stealth
3985,Stealth
891,Stealth
6908,Stealth
3993,Stealth
4739,Stealth
4978,Stealth
3755,Stealth
2603,Stealth
7071,Stealth
3961,Stealth
8188,Stealth
4188,Stealth
8444,Stealth
7750,Stealth
7859,Stealth
5136,Stealth
6091,Stealth
5210,Stealth
4564,Stealth
7992,Stealth
3646,Stealth
8107,Stealth
5781,Stealth
5583,Stealth
6953,Stealth
3947,Stealth
6808,Stealth
5028,Stealth
9863,Stealth
7164,Stealth
7058,Stealth
10439,Stealth
7381,Stealth
10707,Stealth
7500,Stealth
7727,Stealth
5917,Stealth
5175,Stealth
7857,Stealth
11522,Stealth
7752,Stealth
6776,Stealth
13420,Stealth
9098,Stealth
13993,Stealth
7682,Stealth
6845,Stealth
26245,Stealth
7858,Stealth
9444,Stealth
9228,Stealth
7195,Stealth
14297,Stealth
9552,Stealth
16788,Stealth
16872,Stealth
12673,Stealth
11021,Stealth
9570,Stealth
9507,Stealth
8520,Stealth
9998,Stealth
9895,Stealth
7322,Stealth
10697,Stealth
18810,Stealth
9070,Stealth
11187,Stealth
11263,Stealth
9095,Stealth
10437,Stealth
11313,Stealth
7707,Stealth
10506,Stealth
10606,Stealth
71735,Stealth
11478,Stealth
12020,Stealth
72656,Stealth
11482,Stealth
14285,Stealth
10001,Stealth
10448,Stealth
10489,Stealth
12005,Stealth
16483,Stealth
165,Stealth
11305,Stealth
10698,Stealth
16294,Stealth
11675,Stealth
734,Stealth
12972,Stealth
11802,Stealth
8951,Stealth
12500,Stealth
11954,Stealth
11953,Stealth
13335,Stealth
11306,Stealth
17581,Stealth
11868,Stealth
13479,Stealth
908,Stealth
17612,Stealth
13478,Stealth
17454,Stealth
13989,Stealth
19868,Stealth
18325,Stealth
12177,Stealth
1802,Stealth
18474,Stealth
11866,Stealth
18918,Stealth
97003,Stealth
13421,Stealth
112431,Stealth
12010,Stealth
4186,Stealth
107806,Stealth
27499,Stealth
12839,Stealth
117764,Stealth
117896,Stealth
142,Stealth
12178,Stealth
17579,Stealth
16204,Stealth
14899,Stealth
13422,Stealth
18320,Stealth
19234,Stealth
7700,Stealth
14148,Stealth
13674,Stealth
93659,Stealth
858,Strategy
40,Strategy
295,Strategy
108,Strategy
107,Strategy
781,Strategy
2346,Strategy
739,Strategy
972,Strategy
2295,Strategy
738,Strategy
822,Strategy
2454,Strategy
5106,Strategy
5317,Strategy
6295,Strategy
7042,Strategy
7678,Strategy
7271,Strategy
5751,Strategy
8107,Strategy
10401,Strategy
5034,Strategy
6808,Strategy
5100,Strategy
5752,Strategy
10320,Strategy
13001,Strategy
8455,Strategy
8165,Strategy
8248,Strategy
9740,Strategy
9444,Strategy
12308,Strategy
10440,Strategy
14697,Strategy
34457,Strategy
9834,Strategy
15199,Strategy
15383,Strategy
41913,Strategy
15615,Strategy
19540,Strategy
53510,Strategy
10464,Strategy
72656,Strategy
11022,Strategy
10761,Strategy
11217,Strategy
8234,Strategy
183,Strategy
30033,Strategy
13059,Strategy
13542,Strategy
14540,Strategy
12162,Strategy
20795,Strategy
15639,Strategy
11073,Strategy
15750,Strategy
73995,Strategy
12323,Strategy
21931,Strategy
97779,Strategy
112431,Strategy
16222,Strategy
14104,Strategy
11886,Strategy
34433,Strategy
31650,Strategy
115178,Strategy
34792,Strategy
118188,Strategy
17260,Strategy
118677,Strategy
12452,Strategy
598,Strategy
33032,Strategy
18065,Strategy
13239,Strategy
89159,Strategy
90687,Strategy
26,Vehicle Simulation
4978,Vehicle Simulation
769,Vehicle Simulation
2465,Vehicle Simulation
871,Vehicle Simulation
2488,Vehicle Simulation
906,Vehicle Simulation
928,Vehicle Simulation
4978,Vehicle Simulation
2353,Vehicle Simulation
5037,Vehicle Simulation
10728,Vehicle Simulation
8246,Vehicle Simulation
24481,Vehicle Simulation
26245,Vehicle Simulation
16482,Vehicle Simulation
15632,Vehicle Simulation
11217,Vehicle Simulation
147,Vehicle Simulation
17180,Vehicle Simulation
11215,Vehicle Simulation
17187,Vehicle Simulation
56291,Vehicle Simulation
72868,Vehicle Simulation
113176,Vehicle Simulation
115572,Vehicle Simulation
110153,Vehicle Simulation
142,Vehicle Simulation
17260,Vehicle Simulation
765,Vehicle Simulation
767,Vehicle Simulation
33933,Vehicle Simulation
16728,Vehicle Simulation
13932,Vehicle Simulation
10343,Visual Novel
8980,Visual Novel
30607,Visual Novel
10764,Visual Novel
18558,Visual Novel
113176,Visual Novel
117825,Visual Novel
122582,Visual Novel
119171,Visual Novel
122593,Visual Novel
85076,Visual Novel
13499,Visual Novel
